"Pathogen_prot","Seq","start_index","core","TCR_bind_core"
"P9WNK5","AAGTAAQAAVVRFQEAANKQKQELD",11,"VRFQEAANK","RFQEAN"
"P9WNK5","AAVVRFQEAANKQK",4,"VRFQEAANK","RFQEAN"
"P9WNK5","AAVVRFQEAANKQKQ",4,"VRFQEAANK","RFQEAN"
"P9WNK5","AAVVRFQEAANKQKQEL",4,"VRFQEAANK","RFQEAN"
"P0CL66","AAWNSGTSTLTITVNSKKTK",10,"LTITVNSKK","TITVSK"
"Q5NGW2","ADGKKYYLAIAVNGARSRIEAM",8,"LAIAVNGAR","AIAVGA"
"P06198","AERTVTVRRVGPGGRAV",7,"VRRVGPGGR","RRVGGG"
"Q5NII0","AESLQIVISQRLLKRKGGGRVAAYEV",12,"LLKRKGGGR","LKRKGG"
"P27958","AGAHWGVLAGIAYFSMVGNWAKVLV",14,"FSMVGNWAK","SMVGWA"
"P27958","AHWGVLAGIAYFSMVGNWAK",12,"FSMVGNWAK","SMVGWA"
"P9WNK5","AQAAVVRFQEAANKQ",6,"VRFQEAANK","RFQEAN"
"P9WNK5","AQAAVVRFQEAANKQKQELD",6,"VRFQEAANK","RFQEAN"
"P09258","ARLCDLPATPK",3,"LCDLPATPK","CDLPTP"
"P09310","ARRRLLVLDAVALERWPRDG",7,"VLDAVALER","LDAVLE"
"P9WPE5","ASGLVIPDTAKEKPQE",5,"VIPDTAKEK","IPDTKE"
"P27958","ATYTTGGSAAKTAHRLASFFTVGPKQD",3,"YTTGGSAAK","TTGGAA"
"P19993","DHVVLVGGSTRMPAVTDLVK",3,"VVLVGGSTR","VLVGST"
"Q9NJY3","DQGGNAVSVRAGRRK",7,"VSVRAGRRK","SVRARR"
"P43315","EAITDRILLLDGLPNYQRIGS",10,"LDGLPNYQR","DGLPYQ"
"Q7KQK5","EFTYMINFGRGQNYWEHPYQKS",2,"FTYMINFGR","TYMIFG"
"P27958","EINRVAACLRKLGVPPLRAW",2,"INRVAACLR","NRVACL"
"P0CL66","EKTTLVVKEGTVTLSKNISK",12,"VTLSKNISK","TLSKIS"
"A0A143ZZD7","ERRAKEKLQEQQRDLEQRKADTKK",15,"LEQRKADTK","EQRKDT"
"P27958","ETHVTGGNAGRTTAGLVGLLTPGAKQN",17,"VGLLTPGAK","GLLTGA"
"P27958","ETHVTGGSAGRTTAGLVGLLTPGAKQN",17,"VGLLTPGAK","GLLTGA"
"P27958","ETRVTGGAAGHTAFGFASFLAPGAKQK",19,"FLAPGAKQK","LAPGKQ"
"Q03400","ETYGKVKNTDKELSKIYGTKY",3,"YGKVKNTDK","GKVKTD"
"P27958","ETYIIGAATGRTTAGLTSLFSSGSQQN",3,"YIIGAATGR","IIGATG"
"P27958","ETYTSGGNAGHTMTGIVRFFAPGPKQN",17,"VRFFAPGPK","RFFAGP"
"P27958","ETYTSGGSAAHTTSGFVSFFSPGAKQN",17,"VSFFSPGAK","SFFSGA"
"P19993","EVTFDIDANGIVHVTAKDKG",11,"IVHVTAKDK","VHVTKD"
"P27958","FFTELDGVRLHRFAPPCKPL",10,"LHRFAPPCK","HRFAPC"
"G0XTQ0","FIDVHIPKFK",2,"IDVHIPKFK","DVHIKF"
"P9WQP1","FLTSELPQWLSANRAVKP",6,"LPQWLSANR","PQWLAN"
"P27958","FQVAHLHAPTGSGKS",6,"LHAPTGSGK","HAPTSG"
"P27958","FQVAHLHAPTGSGKSTKV",6,"LHAPTGSGK","HAPTSG"
"Q5NEC2","FSDMEIRVRFGLYSKQSASKL",12,"LYSKQSASK","YSKQAS"
"P27958","FSMVGNWAKVLVVLL",1,"FSMVGNWAK","SMVGWA"
"P03485","FVFTLTVPSER",3,"FTLTVPSER","TLTVSE"
"P27958","GCIITSLTGRDKNQVEGE",4,"ITSLTGRDK","TSLTRD"
"A5KDR7","GDLLLKLNNYRYNKD",3,"LLLKLNNYR","LLKLNY"
"P20287","GEVSTENGKLKVNGKLISVHCERDP",3,"VSTENGKLK","STENKL"
"P27958","GFATQRLTSLFALGPSQK",10,"LFALGPSQK","FALGSQ"
"P27958","GGRHLIFCHSKKKCD",5,"LIFCHSKKK","IFCHKK"
"P27958","GRHLIFCHSKKKCDELATKL",4,"LIFCHSKKK","IFCHKK"
"P27958","GRHLIFCHSKRKCDELATKL",4,"LIFCHSKRK","IFCHKR"
"P27958","GTHVTGGKVAYTTQGFTSFFSRGPSQK",19,"FFSRGPSQK","FSRGSQ"
"P20287","GVFTTIDKAQAHIKN",6,"IDKAQAHIK","DKAQHI"
"P0CL66","GVLEGVKADKSKVKLTISDD",6,"VKADKSKVK","KADKKV"
"P27958","HARKAVTHINSVWKDLLEDN",6,"VTHINSVWK","THINVW"
"P9WIN9","HPTTTYKAFDWDQAYRKPIT",9,"FDWDQAYRK","DWDQYR"
"P27958","HTRVTGGVQGHVTSTLTSLFRPGASQK",19,"LFRPGASQK","FRPGSQ"
"P27958","HTYTTGGTASRHTQAFAGLFDIGPQQK",19,"LFDIGPQQK","FDIGQQ"
"P13826","HVGQSASRGRGLGENPDDEE",2,"VGQSASRGR","GQSARG"
"P9WQP3","IANNTRVWVYCGNGKPSDLG",7,"VWVYCGNGK","WVYCNG"
"C1GK29","IDQHVKLACSLPHGRL",7,"LACSLPHGR","ACSLHG"
"P17763","IKKSKAINVLRGFRKEIGRM",7,"INVLRGFRK","NVLRFR"
"P9WMK1","ILTVSVAVSEGKPTEKHIQI",4,"VSVAVSEGK","SVAVEG"
"NA","INFNCEVWSNVSETISGPRLY",11,"VSETISGPR","SETIGP"
"Q4QHH2","INSSTAVAKAREQYGC",1,"INSSTAVAK","NSSTVA"
"P9WIN9","ISLPSYYPDQKSLENYIAQT",3,"LPSYYPDQK","PSYYDQ"
"P27958","ITAEAAGRRLARGSPPSVAS",1,"ITAEAAGRR","TAEAGR"
"P19993","IVHVTAKDKGTGKENTIKIQ",1,"IVHVTAKDK","VHVTKD"
"P21250","KIYVGRAYVRDLTPDE",2,"IYVGRAYVR","YVGRYV"
"P0CL66","KLEGSAVEITKLDEIKNALK",12,"LDEIKNALK","DEIKAL"
"P24094","KLRGDLRQWVSAGRRVGG",6,"LRQWVSAGR","RQWVAG"
"Q4DX15","KLSLFGQAAAGDKPP",5,"FGQAAAGDK","GQAAGD"
"P27958","KPGIYRFVAPGERPS",5,"YRFVAPGER","RFVAGE"
"Q4DX15","KPPPFGQAAAADKPS",5,"FGQAAAADK","GQAAAD"
"Q4DX15","KPPPFGQAAAGDKPA",5,"FGQAAAGDK","GQAAGD"
"Q4DX15","KPPPFGQAAAGDKPP",5,"FGQAAAGDK","GQAAGD"
"Q4DX15","KPPPFGQAAAGDKPS",5,"FGQAAAGDK","GQAAGD"
"Q4DX15","KPSLFGQAAAGDKLS",5,"FGQAAAGDK","GQAAGD"
"Q4DX15","KPSPFGQAAAGDKPP",5,"FGQAAAGDK","GQAAGD"
"Q4DX15","KPSPFGQAAAGGKPP",5,"FGQAAAGGK","GQAAGG"
"P9WIN9","KSLENYIAQTRDKFLSAATS",3,"LENYIAQTR","ENYIQT"
"P03211","KTSLYNLRRGIALAIPQCRL",11,"IALAIPQCR","ALAIQC"
"P9WNK5","LAQEAGNFERISGDLKTQID",8,"FERISGDLK","ERISDL"
"P14075","LDLLFWEQGGLCKALQEQCRFP",5,"FWEQGGLCK","WEQGLC"
"P06198","LDSQLNRLKSLTDDLQR",1,"LDSQLNRLK","DSQLRL"
"P27958","LIFCHSKKKCDELAA",1,"LIFCHSKKK","IFCHKK"
"P27958","LIFCHSKKKCDELAAKLV",1,"LIFCHSKKK","IFCHKK"
"P19993","LLGSFELTGIPPAPRGVPQI",7,"LTGIPPAPR","TGIPAP"
"P9WPE7","LLPLLEKVIGAGKPL",5,"LEKVIGAGK","EKVIAG"
"Q81871","LLVENAAGHRVAISTYTTSL",2,"LVENAAGHR","VENAGH"
"P27958","LLWRQEMGGNITRVESENKV",11,"ITRVESENK","TRVEEN"
"P46841","LNWVPVEAGVYRVNR",4,"VPVEAGVYR","PVEAVY"
"P09239","LQAAPALDKL",1,"LQAAPALDK","QAAPLD"
"P27958","LRDIWDWICEVLSDFKTWLK",8,"ICEVLSDFK","CEVLDF"
"P24094","LRGDLRQWVSAGRRVG",5,"LRQWVSAGR","RQWVAG"
"P17763","LRGLPIRYQTPAIRA",6,"IRYQTPAIR","RYQTAI"
"P9WHZ5","LSFTLTGNPNRP",3,"FTLTGNPNR","TLTGPN"
"P9WQP1","LTSELPQWLSANRAV",5,"LPQWLSANR","PQWLAN"
"P9WQP1","LTSELPQWLSANRAVKPTGS",5,"LPQWLSANR","PQWLAN"
"P27958","LTSLFTPGPAQKIQL",4,"LFTPGPAQK","FTPGAQ"
"P24301","LVIPENAKEKPQ",2,"VIPENAKEK","IPENKE"
"P24301","LVIPENAKEKPQEGT",2,"VIPENAKEK","IPENKE"
"Q9Q6P4","MATFKIQPVFMVASFLKA",9,"VFMVASFLK","FMVAFL"
"Q9WMB5","MATLLRSLALFKRNKDKPPI",4,"LLRSLALFK","LRSLLF"
"Q7AQ56","MQEYRGLTSHTPCCR",7,"LTSHTPCCR","TSHTCC"
"P24771","MRSLIIVLLFPSIIYSMSIRR",13,"IIYSMSIRR","IYSMIR"
"P27958","MYVGGVEHRLEAACNWTRGE",10,"LEAACNWTR","EAACWT"
"Q5NHI7","NEQYMQMFQVNRFTGYDRINNANQ",10,"VNRFTGYDR","NRFTYD"
"P27958","NHVSPTHYVPESDAAARVTA",9,"VPESDAAAR","PESDAA"
"Q9WMB5","NIIAEDLSLRRFMVALILDI",3,"IAEDLSLRR","AEDLLR"
"Q5NI16","NIIMVKVFVYNLNNNINAIK",12,"LNNNINAIK","NNNIAI"
"Q5NEM8","NQNMLANFANAQKYRADKD",5,"LANFANAQK","ANFAAQ"
"P14075","NRRGLDLLFWEQGGLCKALQE",9,"FWEQGGLCK","WEQGLC"
"P27958","NTHTVGGTEGFATQRLTSLFALGPSQK",19,"LFALGPSQK","FALGSQ"
"Q8I5D2","NTPNVVPFTQSKKKNKNETV",6,"VPFTQSKKK","PFTQKK"
"P27958","NTYVTGGAAARGASGITSLFSRGPSQK",3,"YVTGGAAAR","VTGGAA"
"P27958","NTYVTGGSAGRAVAGFAGLLQPGAKQN",3,"YVTGGSAGR","VTGGAG"
"P13826","NVDASSLGAAHVGQSASRGR",12,"VGQSASRGR","GQSARG"
"P27958","PGIYRFVAPGERPSGMFD",4,"YRFVAPGER","RFVAGE"
"Q81871","PGNTNTRVSRYSSTARHRLR",8,"VSRYSSTAR","SRYSTA"
"P27958","PLEVIKGGRHLIFCHSKKKC",11,"LIFCHSKKK","IFCHKK"
"Q7K740","PSDKHIEQYLNTIKNSLSTE",6,"IEQYLNTIK","EQYLTI"
"P24301","PSGLVIPENAKEKPQ",5,"VIPENAKEK","IPENKE"
"P24301","PSGLVIPENAKEKPQE",5,"VIPENAKEK","IPENKE"
"P27958","PSHITAEAAGRR",4,"ITAEAAGRR","TAEAGR"
"Q81871","PVPDVDSRGAILRRQYNLST",5,"VDSRGAILR","DSRGIL"
"P07566","QAPVPVRLAGVRFES",4,"VPVRLAGVR","PVRLGV"
"P9WNK5","QEAGNFERISGDLKT",6,"FERISGDLK","ERISDL"
"P9WNI7","QFGDVDAHGAMIRAQ",5,"VDAHGAMIR","DAHGMI"
"P03204","QQRPVMFVSRVPAKK",7,"FVSRVPAKK","VSRVAK"
"P27958","QSFQVAHLHAPTGSGKSTKV",8,"LHAPTGSGK","HAPTSG"
"P0C767","RDLLDTAAALYRDALESPEH",4,"LDTAAALYR","DTAALY"
"P0C767","RDLLDTASALYREALESPEH",4,"LDTASALYR","DTASLY"
"P14075","RGLDLLFWEQGGLCK",7,"FWEQGGLCK","WEQGLC"
"P27958","RLGAVQNEITLTHPVTKYIM",9,"ITLTHPVTK","TLTHVT"
"P27958","RLHRFAPPCKPLLRE",2,"LHRFAPPCK","HRFAPC"
"P9WHZ5","RPGLDELSFTLTGNPNRPDGGILT",9,"FTLTGNPNR","TLTGPN"
"P0CL66","SAVEITKLDEIKNALK",8,"LDEIKNALK","DEIKAL"
"P24301","SGLVIPENAKEKPQE",4,"VIPENAKEK","IPENKE"
"P0CL66","SGVLEGVKADKSKVKLTI",7,"VKADKSKVK","KADKKV"
"P27958","SIYPGHVSGHRMAWD",3,"YPGHVSGHR","PGHVGH"
"A5K1G9","SLGAAHVGQSASRGRGLDEN",7,"VGQSASRGR","GQSARG"
"P13826","SLGAAHVGQSASRGRGLGEN",7,"VGQSASRGR","GQSARG"
"P27958","SRGNHVSPTHYVPESDAAAR",12,"VPESDAAAR","PESDAA"
"P27958","STIVSGGTVARTTHSLASLFTQGASQK",19,"LFTQGASQK","FTQGSQ"
"P0CL66","STLTITVNSKKTKDL",3,"LTITVNSKK","TITVSK"
"P27958","STYSMGGAAAHNARGLTSLFSSGASQR",19,"LFSSGASQR","FSSGSQ"
"P27958","SVAHDGAGKRVYYLTRDPTT",2,"VAHDGAGKR","AHDGGK"
"P17763","TAGILKRWGTIKKSKANVL",4,"ILKRWGTIK","LKRWTI"
"P9WPE5","TASGLVIPDTAKEKPQE",6,"VIPDTAKEK","IPDTKE"
"Q5NEQ3","TGIIAVMNYRKLASMDYDVK",3,"IIAVMNYRK","IAVMYR"
"P19993","TGKENTIKIQEGSGLSKEEI",9,"IQEGSGLSK","QEGSLS"
"P27958","TGRGKPGIYRFVAPGERPSG",9,"YRFVAPGER","RFVAGE"
"P27958","THVTGGSAGHTTAGLVGLLTPGAKQNIQLINT",16,"VGLLTPGAK","GLLTGA"
"P27958","THVTGGSAGHTVSGFVSLLAPGAKQNVQLINT",16,"VSLLAPGAK","SLLAGA"
"P46841","TKFILVLTGEERQGV",4,"ILVLTGEER","LVLTEE"
"Q8I0U8","TKILLKHYKGLVKYYNGESSP",5,"LKHYKGLVK","KHYKLV"
"P17763","TLVTFKNPHAKKQDV",3,"VTFKNPHAK","TFKNHA"
"P11089","TTTVDANTSLAKIENAIR",4,"VDANTSLAK","DANTLA"
"P0CL66","TVTLSKNISKSGEVSVELND",2,"VTLSKNISK","TLSKIS"
"P27958","VIKGGRHLIFCHPKKKCD",8,"LIFCHPKKK","IFCHKK"
"P27958","VIKGGRHLIFCHSEKKCD",8,"LIFCHSEKK","IFCHEK"
"P27958","VIKGGRHLIFCHSKKKCD",8,"LIFCHSKKK","IFCHKK"
"P27958","VIKGGRHLIFCHSKKKCDE",8,"LIFCHSKKK","IFCHKK"
"P27958","VIKGGRHLIFCRSKKKCD",8,"LIFCRSKKK","IFCRKK"
"P27958","VKAAASKVKANLLSVEEACS",1,"VKAAASKVK","KAAAKV"
"Q0SLZ0","VLKNFTLEGKVANDK",7,"LEGKVANDK","EGKVND"
"Q8I5D2","VPPTQSKKKNKNET",1,"VPPTQSKKK","PPTQKK"
"P9WNK5","VRFQEAANKQKQELD",1,"VRFQEAANK","RFQEAN"
"Q9Q6P4","VTVNPFVSVATANAKVLI",7,"VSVATANAK","SVATNA"
"NA","WLKLGLVEFGGVAKLNAEVMS",6,"LVEFGGVAK","VEFGVA"
"NA","WNLWFKWCSGHGR",5,"FKWCSGHGR","KWCSHG"
"P9WGU1","YAIVNNRQKDAATAQTLQAF",1,"YAIVNNRQK","AIVNRQ"
"P27958","YFSMVGNWAKVLVVLLLFAG",2,"FSMVGNWAK","SMVGWA"
"Q8I5D2","YKAYVSYKKRKAQEK",1,"YKAYVSYKK","KAYVYK"
"P13423","YNDKLPLYISNPNYKVNVYA",7,"LYISNPNYK","YISNNY"
"P9WIN9","YNINISLPSYYPDQKSLENY",7,"LPSYYPDQK","PSYYDQ"
"Q81871","YNTTASDQLLVENAAGHRVA",10,"LVENAAGHR","VENAGH"
"P15917","EIMKHIVKIEVKGEEAVKKE",11,"VKGEEAVKK","KGEEVK"
"P15917","ERLKVQKNAPKTFQFINDQI",3,"LKVQKNAPK","KVQKAP"
"Q8I0U8","GISYYEKVLAKYKDDLES",5,"YEKVLAKYK","EKVLKY"
"P23504","NAKATYEAALKQYEADLAAVKKANAA",13,"YEADLAAVK","EADLAV"
"P15917","VKGEEAVKKEAAEKLLEKVP",1,"VKGEEAVKK","KGEEVK"
"Q9Q6P4","VMTMGVFFLLMQRKGIGK",10,"LMQRKGIGK","MQRKIG"
"Q8I0U8","YLKTIQDKLADFKKNNNF",5,"IQDKLADFK","QDKLDF"
"P17763","KLVMAFIAFLRFL",3,"VMAFIAFLR","MAFIFL"
"P13423","LQLPELKQKSSNSRKKRSTS",6,"LKQKSSNSR","KQKSNS"
"P13423","VDDQEVINKASNSNKIRLEK",7,"INKASNSNK","NKASSN"
"Q9WMB5","GGKEDRRVKQSRGEARESYR",8,"VKQSRGEAR","KQSREA"
"P14075","IAQYAAQNRRGLDLL",1,"IAQYAAQNR","AQYAQN"
"P9WHZ3","VDFGALPPEVNSARMYGGAG",6,"LPPEVNSAR","PPEVSA"
"Q69467","DEARKHTYNLTIAWYRMGDN",8,"YNLTIAWYR","NLTIWY"
"Q69467","RVVCAKYALADPSLKMADPN",7,"YALADPSLK","ALADSL"
"Q8I0U8","YLEDYSLRKGISEK",1,"YLEDYSLRK","LEDYLR"
"P27958","VLLFLLLADARVCSC",3,"LFLLLADAR","FLLLDA"
"P09259","PFTLRAPIQRIYGV",2,"FTLRAPIQR","TLRAIQ"
"Q49769","NYEVSPIFARWPRNR",7,"IFARWPRNR","FARWRN"
"P03126","KPLCDLLIRCINCQKPLCPEEKQRHLDKKQ",7,"LIRCINCQK","IRCICQ"
"P9WF23","RGRKRTLSDVLNEMR",7,"LSDVLNEMR","SDVLEM"
"P03126","RDLCIVYRDGNPYAVCDKCLKFYSKISEYRHY",22,"FYSKISEYR","YSKIEY"
"P03126","DKCLKFYSKISEYRHYCYSLYG",6,"FYSKISEYR","YSKIEY"
"P03126","CLKFYSKISEYRHYCYSLYGTTLEQQYNKPLCD",4,"FYSKISEYR","YSKIEY"
"P03126","PLCDLLIRCINCQKPLCPEEKQ",6,"LIRCINCQK","IRCICQ"
"P9WNK5","VVRFQEAANKQKQEL",2,"VRFQEAANK","RFQEAN"
"S5Y3I5","DLHPGSGKTRKILPQIIKDAIQQRLRTAVLAPTRVVAAEMAEALRGLPVRYQTSAVQREHQGNEIVDVMCHATLTHRLMSPNRVPNYNLFVMDEAHFTDPASIAARGYIATKVELGEAAAIFMTATPPGTTDPFPDSNAPIH",2,"LHPGSGKTR","HPGSKT"
"P03126","DLLIRCINCQKPLCPEEKQRHL",3,"LIRCINCQK","IRCICQ"
"P17763","RKELLVTFKNAHAKK",6,"VTFKNAHAK","TFKNHA"
"A0A0K0K0J2","ADLLANINLKKADGTVKKGSDALANK",3,"LLANINLKK","LANILK"
"P17763","GLPIRYQTPAIRAEH",4,"IRYQTPAIR","RYQTAI"
"P96901","MRFAQPSALSRFSALTRDWFTSTFAAPTAAQA",3,"FAQPSALSR","AQPSLS"
"P48822","GIRPLGPKNKAPDFS",2,"IRPLGPKNK","RPLGKN"
"P04019","EKLKHILGKARFIKLN",3,"LKHILGKAR","KHILKA"
"P04015","PIVQLQGDSNCLKCFR",5,"LQGDSNCLK","QGDSCL"
"P03231","LEKQLFYYIGTMLPNTRPHS",9,"IGTMLPNTR","GTMLNT"
"P17763","LRLFMALVAFLRFLT",4,"FMALVAFLR","MALVFL"
"P01556","SQKKAIERMKNTLRIAYLTEAKVEKLCVWNN",6,"IERMKNTLR","ERMKTL"
"P9WNK5","QAAVVRFQEAANKQK",5,"VRFQEAANK","RFQEAN"
"Q9Q6P4","AHKEGVCGLRSVSRLEH",6,"VCGLRSVSR","CGLRVS"
"Q9Q6P4","AIIEVDRSAAKHARK",3,"IEVDRSAAK","EVDRAA"
"Q9Q6P4","FVITTDISEMGANFKASR",7,"ISEMGANFK","SEMGNF"
"Q9Q6P4","IIGDEKYVDYMSSLKRY",7,"YVDYMSSLK","VDYMSL"
"Q9Q6P4","IPVEFSSNTVKLTSGHLK",3,"VEFSSNTVK","EFSSTV"
"Q9Q6P4","LLNSDTSKIKNRIERLRR",2,"LNSDTSKIK","NSDTKI"
"Q9Q6P4","MLKRGMPRVLSLIGLKRA",9,"VLSLIGLKR","LSLILK"
"Q9Q6P4","TNWLWAFLAREKRPRM",4,"LWAFLAREK","WAFLRE"
"Q9Q6P4","TVKLTSGHLKCRVKMEKL",2,"VKLTSGHLK","KLTSHL"
"Q9Q6P4","TYRHKVVKVMRPAADGR",9,"VMRPAADGR","MRPADG"
"Q9Q6P4","VAINQVRAIIGDEKYVDY",6,"VRAIIGDEK","RAIIDE"
"Q9Q6P4","VASLNDLTPVGRLVTV",4,"LNDLTPVGR","NDLTVG"
"Q9Q6P4","VLSLIGLKRAMLSLIDGK",1,"VLSLIGLKR","LSLILK"
"Q9Q6P4","HGTVVLELQYTGTDGPCK",10,"YTGTDGPCK","TGTDPC"
"P9WG63","AALPLLFFALAGQRI",6,"LFFALAGQR","FFALGQ"
"O06807","AHLIHFAAANLRNPG",4,"IHFAAANLR","HFAANL"
"P9WHI1","ALCLRLLTARSRTRA",4,"LRLLTARSR","RLLTRS"
"O05461","AQIIHRITATARHPG",4,"IHRITATAR","HRITTA"
"P96354","ARTDLLAFTAFPKQI",5,"LLAFTAFPK","LAFTFP"
"P9WLZ5","AVHVWLRLPAGRVEI",4,"VWLRLPAGR","WLRLAG"
"P9WG41","AVITELIAMLRHHHI",3,"ITELIAMLR","TELIML"
"I6Y4G1","AVPLRLLGGLHRMVL",4,"LRLLGGLHR","RLLGLH"
"Q50700","AVWAFVMVLAFSRHL",5,"FVMVLAFSR","VMVLFS"
"P9WIS7","DMTKIVGLRARAKAA",5,"IVGLRARAK","VGLRRA"
"O53707","DNGVGYVGLVASTVR",7,"VGLVASTVR","GLVATV"
"O33347","ETLYWLAQPGIRESI",4,"YWLAQPGIR","WLAQGI"
"P9WJC7","EVVDYLGIPASARPV",5,"YLGIPASAR","LGIPSA"
"P60230","FPDRASIIRLVGAVL",1,"FPDRASIIR","PDRAII"
"P9WFU9","GDGTQLQVMISLDKV",6,"LQVMISLDK","QVMILD"
"P9WKJ9","GHVVRFLEAGSKVKV",4,"VRFLEAGSK","RFLEGS"
"P9WH91","GKIVRQKANRRHLLE",3,"IVRQKANRR","VRQKNR"
"O06180","HNDVVTVASAPKLRV",4,"VVTVASAPK","VTVAAP"
"O05311","LIILRKRENFRRAFS",4,"LRKRENFRR","RKREFR"
"P9WIR1","LLVIPVALSASIIRL",6,"VALSASIIR","ALSAII"
"O53697","LNYRPLLPKDRRMII",3,"YRPLLPKDR","RPLLKD"
"P9WJF5","LTLNEIHAFIKDPLG",3,"LNEIHAFIK","NEIHFI"
"P9WKH7","MRNVRLFRALLGVDK",7,"FRALLGVDK","RALLVD"
"P9WNI9","MSQIMYNYPAMRAHA",4,"IMYNYPAMR","MYNYAM"
"P9WGA3","MWDPDVYLAFSGHRN",6,"VYLAFSGHR","YLAFGH"
"P9WKJ3","SQVIEAVNLFRANVI",3,"VIEAVNLFR","IEAVLF"
"P17763","LFMALVAFLRFLTIP",2,"FMALVAFLR","MALVFL"
"P03452","FYKNLIWLVKKGNSYPKLSK",9,"VKKGNSYPK","KKGNYP"
"P14283","GGVGLASTLWYAESNALSKRLGEL",11,"YAESNALSK","AESNLS"
"P17763","ANELNYILWENNIKL",6,"YILWENNIK","ILWENI"
"P17763","FMALVAFLRFLTIPP",1,"FMALVAFLR","MALVFL"
"P17763","GGIFLFLMSGRGIGK",7,"LMSGRGIGK","MSGRIG"
"P17763","GPLKLFMALVAFLRF",6,"FMALVAFLR","MALVFL"
"P17763","KLFMALVAFLRFLTI",3,"FMALVAFLR","MALVFL"
"P17763","VMAFIAFLRFLAIPP",1,"VMAFIAFLR","MAFIFL"
"P95234","AAEVLKILLGHGRVY",5,"LKILLGHGR","KILLHG"
"Q8YC41","ADMLGFVFNTRRPIF",4,"LGFVFNTRR","GFVFTR"
"P9WM17","AQHRHRYLTMVNVGR",7,"YLTMVNVGR","LTMVVG"
"P9WNA9","EVFLVIDNLYGFGRD",6,"IDNLYGFGR","DNLYFG"
"P9WNA9","FFPFVLLLAATALYR",7,"LLAATALYR","LAATLY"
"P9WFI5","FGEVIYVSAELKQKH",4,"VIYVSAELK","IYVSEL"
"Q8YGS6","GLPLRFTALTPCFRS",6,"FTALTPCFR","TALTCF"
"Q8YG32","GSVGIAFAIPSSTAK",7,"FAIPSSTAK","AIPSTA"
"P71787","IVVVAVLALGRRIPP",3,"VVAVLALGR","VAVLLG"
"P9WMX3","NRGYVLSQPGLRKLL",4,"YVLSQPGLR","VLSQGL"
"Q8YC41","RADFVSAVRALDRVL",5,"VSAVRALDR","SAVRLD"
"P95223","YLRIAVANMANAVKK",6,"VANMANAVK","ANMAAV"
"P14336","FQKGSSIGRVFQKTK",1,"FQKGSSIGR","QKGSIG"
"P14336","LDAIYQENPAKTREY",5,"YQENPAKTR","QENPKT"
"P14336","REYCLHAKLSDTKVA",5,"LHAKLSDTK","HAKLDT"
"P14336","SHQWFQKGSSIGRVF",5,"FQKGSSIGR","QKGSIG"
"P14336","SVPLKQATAALRKIK",4,"LKQATAALR","KQATAL"
"P14336","YQENPAKTREYCLHA",1,"YQENPAKTR","QENPKT"
"P27958","GIAYFSMVGNWAKVL",5,"FSMVGNWAK","SMVGWA"
"P27958","LQVLKEVKAAASKVKANL",7,"VKAAASKVK","KAAAKV"
"P27958","PGEINRVASCLRKLGVPPLRAY",4,"INRVASCLR","NRVACL"
"P27958","VPYFVRVQGLLRICALARKAV",4,"FVRVQGLLR","VRVQLL"
"V4Z6M2","FAGAAGSAKSAAGTASHVSI",1,"FAGAAGSAK","AGAASA"
"V4Z6M2","FAGAAGSAKSSAGTASHVSI",1,"FAGAAGSAK","AGAASA"
"P03126","LKFYSKISEYRHYCY",3,"FYSKISEYR","YSKIEY"
"P03452","KNLYEKVKSQLKNNAKEEIGNGC",4,"YEKVKSQLK","EKVKQL"
"A0A143QSL7","AVDADDKVLGYRNWLGLMKGD",11,"YRNWLGLMK","RNWLLM"
"B2HSY2","AVDADDKVLGYRNWLGLNRGD",11,"YRNWLGLNR","RNWLLN"
"A0A1N0BRQ6","AVDAEDKVLGYRNWLGLNKGD",11,"YRNWLGLNK","RNWLLN"
"V5XE39","AVDAEDKVLGYRNWLGLNRGD",11,"YRNWLGLNR","RNWLLN"
"P9WK17","KVLGYRNWLGLNKGD",5,"YRNWLGLNK","RNWLLN"
"P09247","NNYVPEKPAITRI",4,"VPEKPAITR","PEKPIT"
"Q6MWX1","ALPPEINSARMYAGP",2,"LPPEINSAR","PPEISA"
"P9WHZ5","LPPEVNSARIFAGAG",1,"LPPEVNSAR","PPEVSA"
"Q6MWX1","MVDFGALPPEINSAR",7,"LPPEINSAR","PPEISA"
"P9WIR7","SDMGEFYMPYPGTRINQETV",6,"FYMPYPGTR","YMPYGT"
"P17763","ALRGLPIRYQTPAVK",7,"IRYQTPAVK","RYQTAV"
"P17763","FLRFLTIPPTAGILK",7,"IPPTAGILK","PPTAIL"
"S5YTI4","HGTVVIELSYSGSDGPCK",10,"YSGSDGPCK","SGSDPC"
"P17763","IKKSKAINVLRGFRK",7,"INVLRGFRK","NVLRFR"
"P17763","KELLVTFKNAHAKKQ",5,"VTFKNAHAK","TFKNHA"
"P17763","KETLVTFKNPHAKKQ",5,"VTFKNPHAK","TFKNHA"
"S5Y3I5","MLKRGLPRVFPLVGVKRVVMSLLDGR",9,"VFPLVGVKR","FPLVVK"
"P17763","QDLLVTFKTAHAKKQ",5,"VTFKTAHAK","TFKTHA"
"P17763","SGTYVSAIAQAKASQ",4,"YVSAIAQAK","VSAIQA"
"S5Y3I5","VFPLVGVKRVVMSLLDGR",1,"VFPLVGVKR","FPLVVK"
"P0C767","LDTASALYREALESPEHCSP",1,"LDTASALYR","DTASLY"
"P55969","AFQYSDNIAKEYENKFKN",2,"FQYSDNIAK","QYSDIA"
"P55969","EPGLLFSTGLDKMEGVLI",4,"LLFSTGLDK","LFSTLD"
"P55969","ETNEVALKLNYHPASEKV",9,"LNYHPASEK","NYHPSE"
"P55969","GLLFSTGLDKMEG",2,"LLFSTGLDK","LFSTLD"
"P55969","ILLLRPAFQYSDNIAKEY",8,"FQYSDNIAK","QYSDIA"
"P55969","LKLNYHPASEKVQALDEK",3,"LNYHPASEK","NYHPSE"
"P55969","MEGVLIPAGFIKVTILEP",4,"VLIPAGFIK","LIPAFI"
"P55969","QGYKVISVDSSDKDDFSF",5,"VISVDSSDK","ISVDSD"
"P55969","STGLDKMEGVLIPAGFIK",10,"VLIPAGFIK","LIPAFI"
"P55969","TIQKKSEPGLLFSTGLDK",10,"LLFSTGLDK","LFSTLD"
"Q32ZE1","ALVEFKDAHAKRQTV",3,"VEFKDAHAK","EFKDHA"
"P9WNK5","AAVLRFQEAANKQKQ",4,"LRFQEAANK","RFQEAN"
"P9WHZ3","LPPEVNSARMYGGAG",1,"LPPEVNSAR","PPEVSA"
"P17763","EEFLDYMPSMKRFRK",3,"FLDYMPSMK","LDYMSM"
"P17763","EGICGIRSVTRLENL",3,"ICGIRSVTR","CGIRVT"
"P17763","GLPIRYQTPAVKSEH",4,"IRYQTPAVK","RYQTAV"
"P17763","GRMLNILNGRKRSTM",4,"LNILNGRKR","NILNRK"
"P17763","KKNGAIKVLRGFKKE",6,"IKVLRGFKK","KVLRFK"
"Q32ZE1","ENGVQLTVVVGSVKNPMWRG",6,"LTVVVGSVK","TVVVSV"
"Q32ZE1","PFGDSYIVIGVGEKKITHHW",7,"IVIGVGEKK","VIGVEK"
"Q32ZE1","QYAGTDGPCKVPAQMAVDMQ",2,"YAGTDGPCK","AGTDPC"
"Q32ZE1","YEASISDMASDSRCPTQGEA",5,"ISDMASDSR","SDMADS"
"Q32ZE1","GLLLGHGPIRMVLAI",2,"LLLGHGPIR","LLGHPI"
"Q32ZE1","PFGDSYIVIGVGEKK",7,"IVIGVGEKK","VIGVEK"
"E9BS46","SNVGVCSRVGVARLWF",5,"VCSRVGVAR","CSRVVA"
"E9BS46","SNVGVCSRVGVARLWFRVCQ",5,"VCSRVGVAR","CSRVVA"
"Q32ZE1","VARVSPFGGLKRLPA",4,"VSPFGGLKR","SPFGLK"
"Q32ZE1","AKVEITPNSPRAEAT",3,"VEITPNSPR","EITPSP"
"Q32ZE1","EVQYAGTDGPCKVPA",4,"YAGTDGPCK","AGTDPC"
"Q32ZE1","HGPIRMVLAILAFLR",7,"VLAILAFLR","LAILFL"
"A5K3N8","LFYVNLFIMSSLSRK",6,"LFIMSSLSR","FIMSLS"
"Q32ZE1","LINRWGSVGKKEAME",2,"INRWGSVGK","NRWGVG"
"A5K3N8","LKFIVRGNNLKFLNN",3,"FIVRGNNLK","IVRGNL"
"Q32ZE1","LLLGHGPIRMVLAIL",1,"LLLGHGPIR","LLGHPI"
"Q32ZE1","LPAGLLLGHGPIRMV",5,"LLLGHGPIR","LLGHPI"
"Q32ZE1","NNKEALVEFKDAHAK",7,"VEFKDAHAK","EFKDHA"
"Q32ZE1","PSLGLINRWGSVGKK",6,"INRWGSVGK","NRWGVG"
"P0A0V0","DYSTNQATAKARANLAAN",2,"YSTNQATAK","STNQTA"
"P09259","DGTSTYATFLVTWKGDEKTR",10,"LVTWKGDEK","VTWKDE"
"P09258","FCFRSVQVIRYDGCPRIRTS",8,"VIRYDGCPR","IRYDCP"
"P09259","GDDTGIHVIPTLNGDDRHKI",9,"IPTLNGDDR","PTLNDD"
"P09264","KYYAQVLAASKRY",3,"YAQVLAASK","AQVLAS"
"P09259","PFTLRAPIQRIYGVRYTETW",2,"FTLRAPIQR","TLRAIQ"
"Q32ZE1","MVLAILAFLRFTAIK",2,"VLAILAFLR","LAILFL"
"A5KDR7","VEGDLLLKLNNYRYN",5,"LLLKLNNYR","LLKLNY"
"Q32ZE1","AGEAISFPTTLGMNK",7,"FPTTLGMNK","PTTLMN"
"Q32ZE1","RFLNDMGKVRKDTQE",2,"FLNDMGKVR","LNDMKV"
"P17763","GPLKLYMALVAFLRF",6,"YMALVAFLR","MALVFL"
"P17763","INVLRGFRKEIGRML",1,"INVLRGFRK","NVLRFR"
"P17763","KGLLNGQGPMKLVMA",3,"LLNGQGPMK","LNGQPM"
"P17763","LKEFKEFAAGRKSLT",4,"FKEFAAGRK","KEFAGR"
"P17763","LVMAFIAFLRFLAIP",2,"VMAFIAFLR","MAFIFL"
"P17763","MGMGTTYLALMATFK",7,"YLALMATFK","LALMTF"
"P17763","RGLLNGQGPMKLVMA",3,"LLNGQGPMK","LNGQPM"
"P17763","RLFMALVAFLRFLTI",3,"FMALVAFLR","MALVFL"
"P17763","SYIVIGAGKKALKLS",2,"YIVIGAGKK","IVIGGK"
"P17763","TTSGTYVSAIAQAKA",6,"YVSAIAQAK","VSAIQA"
"Q32ZE1","AALKSFKEFAAGKRG",6,"FKEFAAGKR","KEFAGK"
"Q32ZE1","ERARNIQTLPGIFKT",6,"IQTLPGIFK","QTLPIF"
"Q32ZE1","FAHALRFLNDMGKVR",7,"FLNDMGKVR","LNDMKV"
"Q32ZE1","FKEFAAGKRGAAFGV",1,"FKEFAAGKR","KEFAGK"
"Q32ZE1","SFPTTLGMNKCYIQI",2,"FPTTLGMNK","PTTLMN"
"P29996","ERRVAGPQVGGVNPLEGGSR",12,"VNPLEGGSR","NPLEGS"
"P29996","GGREEILEQWVNGRKKLEEL",7,"LEQWVNGRK","EQWVGR"
"P29996","GVNPLEGGSRGAPGGGFVPS",2,"VNPLEGGSR","NPLEGS"
"Q83E37","DHAYKLAVSSTKSMT",4,"YKLAVSSTK","KLAVST"
"Q83EE1","GLSWLTILKKRNNYRDSFN",7,"ILKKRNNYR","LKKRNY"
"Q83CG1","ISLLVFKNSHRVQLWAK",3,"LLVFKNSHR","LVFKSH"
"Q83B06","LKPFHFISSPTRDLQIA",4,"FHFISSPTR","HFISPT"
"Q9ZH99","LRPVRYFTGVPSPVKTPE",7,"FTGVPSPVK","TGVPPV"
"Q83DK8","LSSIIHKLTSFSKTEA",5,"IHKLTSFSK","HKLTFS"
"Q83AP6","MMEHLQNITNLVSTGRQGA",8,"ITNLVSTGR","TNLVTG"
"Q83AP6","PDYVLNAVNHIRYKP",4,"VLNAVNHIR","LNAVHI"
"Q83CG1","RFDLSLMLNYPNSADRY",8,"LNYPNSADR","NYPNAD"
"Q83E37","SDMWQALLAGKSGVK",7,"LLAGKSGVK","LAGKGV"
"Q83CY3","TGEIVKMINQAKQSIYVQG",4,"IVKMINQAK","VKMIQA"
"H7C7D7","TPTFVIGNKALTKFGF",5,"VIGNKALTK","IGNKLT"
"Q69028","LCKQYLNLYPVARQRPGL",5,"YLNLYPVAR","LNLYVA"
"B6DVW7","GNIPLMKAAFKRSCLKHHPD",3,"IPLMKAAFK","PLMKAF"
"Q8IIF0","VEVNKRKSKYKLATS",3,"VNKRKSKYK","NKRKKY"
"Q4CPQ3","TVPYHFANSKFTLVA",2,"VPYHFANSK","PYHFNS"
"K9N4V7","DHGNPVYFLRYSGAIKLDPK",8,"FLRYSGAIK","LRYSAI"
"P0DTC9","KAYNVTQAFGRRGPE",3,"YNVTQAFGR","NVTQFG"
"P09259","ESSWVNRGESSRKAY",5,"VNRGESSRK","NRGESR"
"P09259","GIHVIPTLNGDDRHK",5,"IPTLNGDDR","PTLNDD"
"P09259","LVTWKGDEKTRNPTP",1,"LVTWKGDEK","VTWKDE"
"P09259","PFTLRAPIQRIYGVR",2,"FTLRAPIQR","TLRAIQ"
"P09259","TYATFLVTWKGDEKT",6,"LVTWKGDEK","VTWKDE"
"P09259","VEENHPFTLRAPIQR",7,"FTLRAPIQR","TLRAIQ"
"P09259","VLMGFGIITGTLRIT",5,"FGIITGTLR","GIITTL"
"P0DTC2","EFVFKNIDGYFKIYS",4,"FKNIDGYFK","KNIDYF"
"P0DTC5","TSRTLSYYKLGASQRVA",7,"YYKLGASQR","YKLGSQ"
"P0DTC3","ALLAVFQSASKIITL",3,"LAVFQSASK","AVFQAS"
"P0DTC2","CASYQTQTNSPRRAR",4,"YQTQTNSPR","QTQTSP"
"P0DTC2","CPFGEVFNATRFASV",3,"FGEVFNATR","GEVFAT"
"P0DTC2","ITRFQTLLALHRSYL",4,"FQTLLALHR","QTLLLH"
"P0DTD1","KHFYWFFSNYLKRRV",4,"YWFFSNYLK","WFFSYL"
"P0DTD1","KLLKSIAATRGATVV",2,"LLKSIAATR","LKSIAT"
"P0DTC2","LMDLEGKQGNFKNLR",4,"LEGKQGNFK","EGKQNF"
"P0DTC5","LSYYKLGASQRVAGD",3,"YYKLGASQR","YKLGSQ"
"P0DTC3","LVYFLQSINFVRIIM",4,"FLQSINFVR","LQSIFV"
"P0DTC1","MVLGSLAATVRLQAG",3,"LGSLAATVR","GSLATV"
"P0DTC5","MWLSYFIASFRLFAR",3,"LSYFIASFR","SYFISF"
"P0DTC2","RFASVYAWNRKRISN",2,"FASVYAWNR","ASVYWN"
"P0DTC2","SNFRVQPTESIVRFP",5,"VQPTESIVR","QPTEIV"
"P0DTC2","TRFQTLLALHRSYLT",3,"FQTLLALHR","QTLLLH"
"P0DTC2","VFLHVTYVPAQEKNF",5,"VTYVPAQEK","TYVPQE"
"P0DTC2","VFNATRFASVYAWNR",7,"FASVYAWNR","ASVYWN"
"P0DTC9","IKLDDKDPNFKDQVI",3,"LDDKDPNFK","DDKDNF"
"P0DTC2","NFRVQPTESIVRFPN",4,"VQPTESIVR","QPTEIV"
"P0DTC9","RATRRIRGGDGKMKD",6,"IRGGDGKMK","RGGDKM"
"P0DTC5","SRTLSYYKLGASQRV",6,"YYKLGASQR","YKLGSQ"
"P0DTC5","SYYKLGASQRVAGDS",2,"YYKLGASQR","YKLGSQ"
"P0DTC2","TRFASVYAWNRKRIS",3,"FASVYAWNR","ASVYWN"
"P0DTC9","YTGAIKLDDKDPNFK",7,"LDDKDPNFK","DDKDNF"
"P0DTC9","AIKLDDKDPNFKDQV",4,"LDDKDPNFK","DDKDNF"
"P0DTD1","ELHLSWEVGKPRPPL",4,"LSWEVGKPR","SWEVKP"
"P0DTD1","ESDDYIATNGPLKVG",5,"YIATNGPLK","IATNPL"
"P0DTD1","LNQLTGYKKPASREL",1,"LNQLTGYKK","NQLTYK"
"P0DTD1","LTQYNRYLALYNKYK",7,"YLALYNKYK","LALYKY"
"P0DTC8","PLIELCVDEAGSKSP",5,"LCVDEAGSK","CVDEGS"
"P0DTD1","RYLALYNKYKYFSGA",2,"YLALYNKYK","LALYKY"
"P0DTD1","SFLGRYMSALNHTKK",6,"YMSALNHTK","MSALHT"
"P0DTC9","TRRIRGGDGKMKDLS",4,"IRGGDGKMK","RGGDKM"
"P0DTD1","YCIDGALLTKSSEYK",7,"LLTKSSEYK","LTKSEY"
"P0DTD1","YMSALNHTKKWKYPQ",1,"YMSALNHTK","MSALHT"
"P0DTC1","KSAFYILPSIISNEK",7,"LPSIISNEK","PSIINE"
"Q32ZE1","LLLGHGPIRMVLAILAFLRF",1,"LLLGHGPIR","LLGHPI"
"Q32ZE1","MVLAILAFLRFTAIKPSLGL",2,"VLAILAFLR","LAILFL"
"P0DTC2","GINITRFQTLLALHRSY",7,"FQTLLALHR","QTLLLH"
"P03466","TFSVQRNLPFERATIMAAFT",4,"VQRNLPFER","QRNLFE"
"P0DTC2","FGEVFNATRFASVYA",1,"FGEVFNATR","GEVFAT"
"P14336","GVVVGLYGNGLKTN",4,"VGLYGNGLK","GLYGGL"
"P0DTC9","KPRQKRTATKAYNVTQAFGRRGPEQTQ",12,"YNVTQAFGR","NVTQFG"
"P0DTC2","LREFVFKNIDGYFKIYSKHTPINLVRD",6,"FKNIDGYFK","KNIDYF"
"P0DTC2","TRFASVYAWNRKRISNCVA",3,"FASVYAWNR","ASVYWN"
"P0DTC2","TRFASVYAWNRKRISNCVADYSVLYNS",3,"FASVYAWNR","ASVYWN"
"P0DTC2","TRFQTLLALHRS",3,"FQTLLALHR","QTLLLH"
"P0DTC2","YQTSNFRVQPTESIVRFPN",8,"VQPTESIVR","QPTEIV"
"P0DTC2","CPFGEVFNATRFASVYAWNR",3,"FGEVFNATR","GEVFAT"
"P0DTD1","DVDTDFVNEFYAYLR",7,"VNEFYAYLR","NEFYYL"
"P0DTD1","IYNLLKDCPAVAKHD",5,"LKDCPAVAK","KDCPVA"
"P0DTD1","NKDFYDFAVSKGFFK",7,"FAVSKGFFK","AVSKFF"
"P0DTC2","RFASVYAWNRKR",2,"FASVYAWNR","ASVYWN"
"P0DTC2","SNFRVQPTESIVRFPNITNL",5,"VQPTESIVR","QPTEIV"
"P0DTC5","RTLSYYKLGASQRVA",5,"YYKLGASQR","YKLGSQ"
"P0DTC5","SYYKLGASQRVAG",2,"YYKLGASQR","YKLGSQ"
"P09260","LHDELSLLFGQVK",5,"LSLLFGQVK","SLLFQV"
"P09260","QLKTAYALSRGQD",2,"LKTAYALSR","KTAYLS"
"P09260","RSIGHMSALLREY",3,"IGHMSALLR","GHMSLL"
"P0DTC2","TRFASVYAWNRKRISNCVAD",3,"FASVYAWNR","ASVYWN"
"P0DTC5","YYKLGASQRVA",1,"YYKLGASQR","YKLGSQ"
"P0DTC2","ATRFASVYAWNRKRISNC",4,"FASVYAWNR","ASVYWN"
"P0DTC2","GINITRFQTLLALHRSYL",7,"FQTLLALHR","QTLLLH"
"P0DTC2","REFVFKNIDGYFKIYSKH",5,"FKNIDGYFK","KNIDYF"
"P0DTC2","WFHAIHVSGTNGTKRFDN",7,"VSGTNGTKR","SGTNTK"
"P0DTD1","KLFAAETLKATEETFKLSYGIATVR",17,"LSYGIATVR","SYGITV"
"P03226","QPRVPISAAVIKLGNHAVAV",4,"VPISAAVIK","PISAVI"
"P03226","SMYRKIYGELIALEQALMRL",11,"IALEQALMR","ALEQLM"
"P0DTC5","GLMWLSYFIASFRLFARTRS",5,"LSYFIASFR","SYFISF"
"P0DTC2","INITRFQTLLALHRSYLTPG",6,"FQTLLALHR","QTLLLH"
"P0DTC9","KPRQKRTATKAYNVTQAFGR",12,"YNVTQAFGR","NVTQFG"
"P0DTC2","NFKNLREFVFKNIDGYFKIY",10,"FKNIDGYFK","KNIDYF"
"P0DTC2","PFGEVFNATRFASVYAWNRK",2,"FGEVFNATR","GEVFAT"
"P0DTC2","PHGVVFLHVTYVPAQEKNFT",9,"VTYVPAQEK","TYVPQE"
"P0DTC2","PLVDLPIGINITRFQTLLAL",5,"LPIGINITR","PIGIIT"
"P0DTC9","RATRRIRGGDGKMKDLSPRW",6,"IRGGDGKMK","RGGDKM"
"P0DTC2","SYQTQTNSPRRARSVASQSI",2,"YQTQTNSPR","QTQTSP"
"P0DTC5","SYYKLGASQRVAGDSGFAAY",2,"YYKLGASQR","YKLGSQ"
"P0DTC9","TKAYNVTQAFGRRGPEQTQG",4,"YNVTQAFGR","NVTQFG"
"P0DTC5","TVATSRTLSYYKLGASQRVA",10,"YYKLGASQR","YKLGSQ"
"P0DTC9","TWLTYTGAIKLDDKDPNFKD",11,"LDDKDPNFK","DDKDNF"
"P0DTC2","VFKNIDGYFKIYSKHTPINL",2,"FKNIDGYFK","KNIDYF"
"P0DTC2","YQTSNFRVQPTESIVRFPNI",8,"VQPTESIVR","QPTEIV"
"P0DTC5","LSYFIASFRLFAR",1,"LSYFIASFR","SYFISF"
"P0DTC9","TKAYNVTQAFGRR",4,"YNVTQAFGR","NVTQFG"
"P0DTC9","YYRRATRRIRGGDGKMK",9,"IRGGDGKMK","RGGDKM"
"P0DTD1","DFAVSKGFFKEGSSV",2,"FAVSKGFFK","AVSKFF"
"P0DTC2","NITRFQTLLALHRSY",5,"FQTLLALHR","QTLLLH"
"P0DTD1","FVNEFYAYLRKHFSM",2,"VNEFYAYLR","NEFYYL"
"P0DTC9","SGTWLTYTGAIKLDDKDPNFK",13,"LDDKDPNFK","DDKDNF"
"P0DTD1","TSKFYGGWHNMLKTV",5,"YGGWHNMLK","GGWHML"
"P0DTC2","SNFRVQPTESIVRFPNIT",5,"VQPTESIVR","QPTEIV"
"P03126","DKCLKFYSKISEYRHYCYSLYGTTL",6,"FYSKISEYR","YSKIEY"
"Q76R62","CTCIPIPSSWAFAKYLWE",6,"IPSSWAFAK","PSSWFA"
"Q69028","LLIGSSGLSRYVARLSSN",2,"LIGSSGLSR","IGSSLS"
"Q76R62","SWAFAKYLWEWASVRFSW",7,"YLWEWASVR","LWEWSV"
"A5KDR7","EGDLLLKLNNYRYNK",4,"LLLKLNNYR","LLKLNY"
"P0DTC2","NFKNLREFVFKNIDGYFKI",10,"FKNIDGYFK","KNIDYF"
"P0DTC2","PFGEVFNATRFASVYAWNR",2,"FGEVFNATR","GEVFAT"
"P0DTC9","TKAYNVTQAFGRRGPEQTQ",4,"YNVTQAFGR","NVTQFG"
"P0DTC9","TWLTYTGAIKLDDKDPNFK",11,"LDDKDPNFK","DDKDNF"
"P0DTC2","VFKNIDGYFKIYSKHTPIN",2,"FKNIDGYFK","KNIDYF"
"Q69027","AARLCCQLDPARDVLCLRPVGAESR",17,"LRPVGAESR","RPVGES"
"Q32ZE1","ENGVQLTVVVGSVK",6,"LTVVVGSVK","TVVVSV"
"Q45013","KNLVILDVNTLKKVK",4,"VILDVNTLK","ILDVTL"
"Q45013","LDSILNLRRILTGYIIKSFD",1,"LDSILNLRR","DSILLR"
"Q32ZE1","LTVVVGSVKNPMWR",1,"LTVVVGSVK","TVVVSV"
"O51578","TIDQNYIISNLKNYLKSE",8,"ISNLKNYLK","SNLKYL"
"Q32ZE1","LAIIKYTYQNKVVKVLRPAEKGKTVMD",13,"VKVLRPAEK","KVLRAE"
"Q32ZE1","RGSYLAGASLIYTVTRNAGLVKR",14,"VTRNAGLVK","TRNALV"
"Q32ZE1","VSPFGGLKRLPAGLLLGH",1,"VSPFGGLKR","SPFGLK"
"P0DTD1","DYIATNGPLKVGG",2,"YIATNGPLK","IATNPL"
"P0DTD2","PKISEMHPALRLVD",3,"ISEMHPALR","SEMHAL"
"P0DTC9","VTPSGTWLTYTGAIKLDDKDPNFK",16,"LDDKDPNFK","DDKDNF"
"A0A4Y5WWH7","AQYRVVRATIRYRPLV",3,"YRVVRATIR","RVVRTI"
"A0A4Y5WWH7","ASNYAQYRVVRATIR",7,"YRVVRATIR","RVVRTI"
"Q4DX15","KPSLFGQAAAGDKLS+D-AAKPSLFGQAAAGDKLS",5,"FGQAAAGDK","GQAAGD"
